series,news,impact_qtr,impact_ann
GACDFSA066MSFRBPHI,-18.82683422402406,-0.028629969338822572,-0.11451987735529029
UNRATE,0.029790187281997293,-0.008524412329320127,-0.03409764931728051
CPIAUCSL,0.08918635674674288,0.00468521443973047,0.01874085775892188
PAYEMS,0.02019221695573848,0.005104326239862557,0.02041730495945023
GACDISA066MSFRBNY,10.867235382317826,0.01879562047546727,0.07518248190186907
